recording;score
Itgo4T2_20220210_235100.wav;0.200048812
Itgo4T2_20220207_043000.wav;0.222332102
Itgo4T2_20220202_012000.wav;0.224490791
Itgo4T2_20220205_181000.wav;0.225017217
Itgo4T2_20220202_044000.wav;0.22527517
Itgo4T2_20220204_050000.wav;0.225313069
Itgo4T2_20220207_055000.wav;0.225853029
Itgo4T2_20220208_200000.wav;0.226523193
Itgo4T2_20220203_035000.wav;0.226752715
Itgo4T2_20220207_033000.wav;0.227068829
Itgo4T2_20220209_054000.wav;0.227186745
Itgo4T2_20220204_052000.wav;0.227292602
Itgo4T2_20220202_010000.wav;0.227414284
Itgo4T2_20220201_015000.wav;0.227475364
Itgo4T2_20220208_181000.wav;0.227565917
Itgo4T2_20220201_000000.wav;0.22768762
Itgo4T2_20220202_205000.wav;0.227697897
Itgo4T2_20220208_205000.wav;0.227709817
Itgo4T2_20220206_191000.wav;0.227917989
Itgo4T2_20220206_030000.wav;0.228254669
Itgo4T2_20220202_015000.wav;0.228304378
Itgo4T2_20220205_042000.wav;0.228325427
Itgo4T2_20220206_031000.wav;0.22833302
Itgo4T2_20220208_043000.wav;0.228373413
Itgo4T2_20220206_185000.wav;0.228490751
Itgo4T2_20220205_202000.wav;0.228582195
Itgo4T2_20220208_042000.wav;0.228597843
Itgo4T2_20220203_185000.wav;0.228598524
Itgo4T2_20220207_054000.wav;0.228620165
Itgo4T2_20220202_180000.wav;0.228674968
Itgo4T2_20220206_043000.wav;0.228704237
Itgo4T2_20220131_030000.wav;0.228788356
Itgo4T2_20220131_035000.wav;0.228814077
Itgo4T2_20220209_181000.wav;0.228841996
Itgo4T2_20220208_021000.wav;0.228876944
Itgo4T2_20220201_055000.wav;0.228880205
Itgo4T2_20220202_053000.wav;0.228916613
Itgo4T2_20220206_055000.wav;0.229049725
Itgo4T2_20220207_034000.wav;0.229062142
Itgo4T2_20220207_014000.wav;0.229099282
Itgo4T2_20220205_031000.wav;0.22915028
Itgo4T2_20220206_193000.wav;0.229159852
Itgo4T2_20220208_203000.wav;0.229179501
Itgo4T2_20220209_045000.wav;0.229194727
Itgo4T2_20220201_212000.wav;0.229238225
Itgo4T2_20220205_054000.wav;0.229300786
Itgo4T2_20220201_230000.wav;0.22932003
Itgo4T2_20220207_182000.wav;0.229378771
Itgo4T2_20220201_040000.wav;0.229406873
Itgo4T2_20220209_003000.wav;0.229423881
Itgo4T2_20220202_190000.wav;0.229428725
Itgo4T2_20220202_231000.wav;0.229446695
Itgo4T2_20220209_035000.wav;0.229450857
Itgo4T2_20220131_203000.wav;0.229464429
Itgo4T2_20220201_181000.wav;0.229521182
Itgo4T2_20220203_190000.wav;0.229576015
Itgo4T2_20220206_192000.wav;0.229588213
Itgo4T2_20220203_182000.wav;0.229593079
Itgo4T2_20220207_012000.wav;0.229606324
Itgo4T2_20220131_055000.wav;0.229628998
Itgo4T2_20220207_002000.wav;0.229668544
Itgo4T2_20220131_183000.wav;0.229691168
Itgo4T2_20220206_051000.wav;0.229703615
Itgo4T2_20220201_045000.wav;0.229758916
Itgo4T2_20220204_211000.wav;0.229776294
Itgo4T2_20220202_005000.wav;0.229788914
Itgo4T2_20220207_193000.wav;0.22988908
Itgo4T2_20220131_014000.wav;0.229913453
Itgo4T2_20220208_052000.wav;0.229982653
Itgo4T2_20220204_034000.wav;0.229993757
Itgo4T2_20220206_203000.wav;0.229998151
Itgo4T2_20220131_200000.wav;0.230001015
Itgo4T2_20220204_040000.wav;0.230020478
Itgo4T2_20220207_000000.wav;0.23005079
Itgo4T2_20220131_043000.wav;0.230051923
Itgo4T2_20220203_021000.wav;0.230070972
Itgo4T2_20220209_042000.wav;0.230085136
Itgo4T2_20220207_003000.wav;0.23009038
Itgo4T2_20220202_215000.wav;0.230117304
Itgo4T2_20220209_182000.wav;0.230136009
Itgo4T2_20220205_053000.wav;0.230204326
Itgo4T2_20220202_011000.wav;0.230243954
Itgo4T2_20220201_213000.wav;0.230253241
Itgo4T2_20220205_213000.wav;0.230266709
Itgo4T2_20220205_033000.wav;0.230281476
Itgo4T2_20220208_185000.wav;0.230284808
Itgo4T2_20220204_004000.wav;0.230298512
Itgo4T2_20220209_055000.wav;0.230330741
Itgo4T2_20220209_203000.wav;0.230330805
Itgo4T2_20220204_220000.wav;0.230344803
Itgo4T2_20220206_052000.wav;0.230393779
Itgo4T2_20220205_180000.wav;0.230423666
Itgo4T2_20220203_051000.wav;0.230461183
Itgo4T2_20220131_020000.wav;0.230477052
Itgo4T2_20220201_035000.wav;0.230501447
Itgo4T2_20220205_225000.wav;0.23050224
Itgo4T2_20220206_213000.wav;0.230507844
Itgo4T2_20220206_190000.wav;0.23052087
Itgo4T2_20220206_040000.wav;0.230524323
Itgo4T2_20220205_183000.wav;0.230527454
Itgo4T2_20220205_191000.wav;0.230551849
Itgo4T2_20220206_004000.wav;0.230561189
Itgo4T2_20220205_201000.wav;0.230571723
Itgo4T2_20220131_031000.wav;0.230586201
Itgo4T2_20220208_053000.wav;0.230590467
Itgo4T2_20220206_232000.wav;0.230602901
Itgo4T2_20220206_045000.wav;0.230637194
Itgo4T2_20220208_014000.wav;0.230644219
Itgo4T2_20220203_054000.wav;0.230648471
Itgo4T2_20220209_033000.wav;0.23067998
Itgo4T2_20220131_182000.wav;0.230680399
Itgo4T2_20220208_032000.wav;0.230680814
Itgo4T2_20220131_193000.wav;0.230687977
Itgo4T2_20220201_185000.wav;0.230708693
Itgo4T2_20220203_191000.wav;0.230720399
Itgo4T2_20220206_230000.wav;0.230731219
Itgo4T2_20220203_195000.wav;0.230732074
Itgo4T2_20220208_184000.wav;0.230753701
Itgo4T2_20220206_194000.wav;0.230761073
Itgo4T2_20220203_024000.wav;0.230804419
Itgo4T2_20220202_021000.wav;0.230815743
Itgo4T2_20220204_051000.wav;0.230835835
Itgo4T2_20220208_194000.wav;0.230838582
Itgo4T2_20220205_230000.wav;0.230841791
Itgo4T2_20220131_230000.wav;0.230857179
Itgo4T2_20220201_010000.wav;0.230867806
Itgo4T2_20220205_041000.wav;0.230868372
Itgo4T2_20220205_231000.wav;0.230868513
Itgo4T2_20220201_182000.wav;0.230879347
Itgo4T2_20220202_221000.wav;0.230882018
Itgo4T2_20220204_001000.wav;0.230882449
Itgo4T2_20220206_205000.wav;0.2308873
Itgo4T2_20220206_002000.wav;0.230889679
Itgo4T2_20220131_052000.wav;0.23089135
Itgo4T2_20220204_045000.wav;0.230897865
Itgo4T2_20220204_054000.wav;0.230904494
Itgo4T2_20220131_033000.wav;0.230945041
Itgo4T2_20220204_224000.wav;0.230967434
Itgo4T2_20220208_044000.wav;0.230970385
Itgo4T2_20220206_005000.wav;0.231008384
Itgo4T2_20220131_001000.wav;0.231012028
Itgo4T2_20220207_035000.wav;0.23101252
Itgo4T2_20220201_225000.wav;0.231019234
Itgo4T2_20220203_023000.wav;0.231021609
Itgo4T2_20220202_202000.wav;0.231026451
Itgo4T2_20220131_180000.wav;0.231045527
Itgo4T2_20220205_193000.wav;0.231047949
Itgo4T2_20220201_041000.wav;0.231061125
Itgo4T2_20220209_013000.wav;0.231066264
Itgo4T2_20220205_044000.wav;0.23109647
Itgo4T2_20220201_050000.wav;0.231100513
Itgo4T2_20220202_185000.wav;0.23110524
Itgo4T2_20220131_185000.wav;0.231106206
Itgo4T2_20220207_023000.wav;0.231122406
Itgo4T2_20220204_182000.wav;0.231124943
Itgo4T2_20220203_044000.wav;0.231125702
Itgo4T2_20220207_195000.wav;0.231129896
Itgo4T2_20220204_202000.wav;0.23113903
Itgo4T2_20220209_005000.wav;0.231152682
Itgo4T2_20220131_011000.wav;0.231160805
Itgo4T2_20220202_182000.wav;0.231172711
Itgo4T2_20220209_031000.wav;0.231203154
Itgo4T2_20220203_050000.wav;0.231238295
Itgo4T2_20220203_041000.wav;0.231244967
Itgo4T2_20220206_025000.wav;0.231268635
Itgo4T2_20220209_051000.wav;0.231272095
Itgo4T2_20220203_180000.wav;0.231293289
Itgo4T2_20220203_032000.wav;0.231299098
Itgo4T2_20220201_183000.wav;0.231303179
Itgo4T2_20220209_034000.wav;0.231314283
Itgo4T2_20220201_033000.wav;0.231315805
Itgo4T2_20220209_194000.wav;0.2313309
Itgo4T2_20220208_005000.wav;0.231333355
Itgo4T2_20220131_213000.wav;0.231335011
Itgo4T2_20220204_225000.wav;0.231357021
Itgo4T2_20220207_053000.wav;0.231360989
Itgo4T2_20220131_054000.wav;0.231366079
Itgo4T2_20220202_052000.wav;0.231385316
Itgo4T2_20220209_223000.wav;0.231386452
Itgo4T2_20220206_053000.wav;0.23140716
Itgo4T2_20220206_225000.wav;0.231412322
Itgo4T2_20220207_045000.wav;0.2314217
Itgo4T2_20220208_041000.wav;0.231426325
Itgo4T2_20220206_034000.wav;0.231427525
Itgo4T2_20220202_220000.wav;0.231442123
Itgo4T2_20220206_015000.wav;0.231444418
Itgo4T2_20220203_233000.wav;0.231465025
Itgo4T2_20220203_231000.wav;0.231494458
Itgo4T2_20220208_055000.wav;0.231538811
Itgo4T2_20220131_181000.wav;0.231541311
Itgo4T2_20220205_052000.wav;0.231543537
Itgo4T2_20220202_025000.wav;0.231545968
Itgo4T2_20220131_002000.wav;0.231575072
Itgo4T2_20220207_051000.wav;0.231592282
Itgo4T2_20220203_202000.wav;0.23161878
Itgo4T2_20220209_015000.wav;0.231627013
Itgo4T2_20220204_020000.wav;0.231641754
Itgo4T2_20220131_041000.wav;0.231656061
Itgo4T2_20220203_040000.wav;0.231656203
Itgo4T2_20220203_005000.wav;0.23169896
Itgo4T2_20220204_003000.wav;0.231699723
Itgo4T2_20220204_232000.wav;0.231719539
Itgo4T2_20220203_025000.wav;0.231719889
Itgo4T2_20220131_211000.wav;0.231735345
Itgo4T2_20220207_212000.wav;0.231745811
Itgo4T2_20220208_210000.wav;0.231775267
Itgo4T2_20220203_000000.wav;0.231778353
Itgo4T2_20220208_183000.wav;0.231799112
Itgo4T2_20220206_023000.wav;0.231865486
Itgo4T2_20220131_051000.wav;0.231872981
Itgo4T2_20220203_221000.wav;0.23188871
Itgo4T2_20220207_004000.wav;0.23188915
Itgo4T2_20220201_030000.wav;0.231929896
Itgo4T2_20220202_191000.wav;0.231931208
Itgo4T2_20220207_024000.wav;0.231946111
Itgo4T2_20220131_053000.wav;0.231958141
Itgo4T2_20220209_043000.wav;0.231967235
Itgo4T2_20220205_051000.wav;0.231967246
Itgo4T2_20220203_210000.wav;0.231976678
Itgo4T2_20220209_052000.wav;0.231978395
Itgo4T2_20220207_225000.wav;0.231978713
Itgo4T2_20220208_202000.wav;0.231986023
Itgo4T2_20220207_211000.wav;0.23200737
Itgo4T2_20220209_233000.wav;0.232025487
Itgo4T2_20220209_200000.wav;0.232032652
Itgo4T2_20220209_205000.wav;0.232038898
Itgo4T2_20220202_193000.wav;0.232063504
Itgo4T2_20220208_234000.wav;0.232067256
Itgo4T2_20220201_223000.wav;0.232078327
Itgo4T2_20220131_215000.wav;0.232080936
Itgo4T2_20220202_054000.wav;0.232081713
Itgo4T2_20220209_220000.wav;0.232090436
Itgo4T2_20220206_182000.wav;0.232092619
Itgo4T2_20220202_032000.wav;0.232100332
Itgo4T2_20220205_205000.wav;0.232112668
Itgo4T2_20220204_180000.wav;0.232123745
Itgo4T2_20220131_042000.wav;0.232132579
Itgo4T2_20220207_013000.wav;0.232133306
Itgo4T2_20220131_022000.wav;0.232152269
Itgo4T2_20220206_204000.wav;0.23215341
Itgo4T2_20220131_013000.wav;0.232157154
Itgo4T2_20220208_003000.wav;0.232174918
Itgo4T2_20220203_232000.wav;0.232212236
Itgo4T2_20220201_201000.wav;0.232212527
Itgo4T2_20220131_202000.wav;0.232212712
Itgo4T2_20220202_041000.wav;0.23221964
Itgo4T2_20220207_022000.wav;0.232247144
Itgo4T2_20220131_034000.wav;0.232253059
Itgo4T2_20220204_015000.wav;0.232268431
Itgo4T2_20220205_234000.wav;0.232273329
Itgo4T2_20220202_230000.wav;0.232293765
Itgo4T2_20220208_223000.wav;0.232300458
Itgo4T2_20220206_202000.wav;0.232307287
Itgo4T2_20220206_050000.wav;0.232317597
Itgo4T2_20220205_221000.wav;0.232322754
Itgo4T2_20220208_012000.wav;0.232343566
Itgo4T2_20220207_025000.wav;0.232346835
Itgo4T2_20220201_022000.wav;0.232362098
Itgo4T2_20220205_055000.wav;0.232364551
Itgo4T2_20220206_041000.wav;0.232382839
Itgo4T2_20220207_222000.wav;0.232395802
Itgo4T2_20220207_214000.wav;0.232410463
Itgo4T2_20220207_192000.wav;0.232416792
Itgo4T2_20220201_043000.wav;0.232423866
Itgo4T2_20220201_211000.wav;0.232429164
Itgo4T2_20220201_034000.wav;0.232463143
Itgo4T2_20220206_211000.wav;0.232507621
Itgo4T2_20220203_042000.wav;0.232528551
Itgo4T2_20220202_051000.wav;0.232530349
Itgo4T2_20220207_180000.wav;0.232534941
Itgo4T2_20220201_194000.wav;0.232543529
Itgo4T2_20220208_233000.wav;0.232544576
Itgo4T2_20220208_204000.wav;0.232554185
Itgo4T2_20220131_050000.wav;0.232558698
Itgo4T2_20220202_224000.wav;0.232567152
Itgo4T2_20220204_033000.wav;0.232580966
Itgo4T2_20220207_181000.wav;0.232584777
Itgo4T2_20220206_032000.wav;0.232585163
Itgo4T2_20220206_222000.wav;0.232600023
Itgo4T2_20220204_013000.wav;0.232600848
Itgo4T2_20220207_001000.wav;0.232601338
Itgo4T2_20220201_042000.wav;0.232601784
Itgo4T2_20220208_001000.wav;0.232616046
Itgo4T2_20220202_004000.wav;0.232638573
Itgo4T2_20220204_010000.wav;0.232641765
Itgo4T2_20220208_024000.wav;0.232646402
Itgo4T2_20220206_001000.wav;0.232653414
Itgo4T2_20220202_200000.wav;0.232654177
Itgo4T2_20220209_022000.wav;0.232668582
Itgo4T2_20220203_033000.wav;0.232681795
Itgo4T2_20220201_025000.wav;0.232696454
Itgo4T2_20220205_004000.wav;0.232717945
Itgo4T2_20220206_214000.wav;0.232728075
Itgo4T2_20220207_050000.wav;0.232734884
Itgo4T2_20220209_184000.wav;0.232743951
Itgo4T2_20220204_025000.wav;0.232744144
Itgo4T2_20220131_044000.wav;0.232744255
Itgo4T2_20220205_002000.wav;0.232746751
Itgo4T2_20220131_204000.wav;0.232748001
Itgo4T2_20220207_204000.wav;0.232749091
Itgo4T2_20220209_224000.wav;0.232756437
Itgo4T2_20220206_044000.wav;0.232767323
Itgo4T2_20220202_030000.wav;0.232776089
Itgo4T2_20220205_182000.wav;0.232777575
Itgo4T2_20220208_030000.wav;0.232780774
Itgo4T2_20220205_185000.wav;0.232784514
Itgo4T2_20220201_001000.wav;0.232795852
Itgo4T2_20220208_035000.wav;0.232818179
Itgo4T2_20220201_032000.wav;0.232820176
Itgo4T2_20220205_045000.wav;0.232832431
Itgo4T2_20220206_054000.wav;0.232847268
Itgo4T2_20220208_224000.wav;0.232854408
Itgo4T2_20220209_004000.wav;0.232856556
Itgo4T2_20220205_235000.wav;0.232857972
Itgo4T2_20220201_222000.wav;0.232862508
Itgo4T2_20220131_003000.wav;0.232865707
Itgo4T2_20220201_044000.wav;0.232869411
Itgo4T2_20220205_040000.wav;0.232872368
Itgo4T2_20220204_005000.wav;0.232873592
Itgo4T2_20220206_210000.wav;0.232881972
Itgo4T2_20220204_205000.wav;0.232894296
Itgo4T2_20220203_015000.wav;0.232909475
Itgo4T2_20220209_193000.wav;0.232918049
Itgo4T2_20220208_020000.wav;0.232921844
Itgo4T2_20220201_203000.wav;0.232932761
Itgo4T2_20220205_195000.wav;0.232941843
Itgo4T2_20220208_033000.wav;0.232944801
Itgo4T2_20220202_003000.wav;0.232964112
Itgo4T2_20220209_032000.wav;0.232966546
Itgo4T2_20220206_234000.wav;0.232979145
Itgo4T2_20220207_235000.wav;0.232980866
Itgo4T2_20220204_044000.wav;0.232985735
Itgo4T2_20220204_213000.wav;0.23298768
Itgo4T2_20220203_020000.wav;0.23298848
Itgo4T2_20220207_005000.wav;0.233004414
Itgo4T2_20220203_201000.wav;0.23303399
Itgo4T2_20220206_003000.wav;0.233036355
Itgo4T2_20220201_023000.wav;0.233052794
Itgo4T2_20220207_194000.wav;0.233055831
Itgo4T2_20220201_054000.wav;0.23308447
Itgo4T2_20220206_233000.wav;0.233113813
Itgo4T2_20220206_223000.wav;0.233139041
Itgo4T2_20220209_030000.wav;0.233141132
Itgo4T2_20220208_013000.wav;0.233146314
Itgo4T2_20220209_050000.wav;0.233175818
Itgo4T2_20220201_002000.wav;0.233188436
Itgo4T2_20220131_025000.wav;0.233207432
Itgo4T2_20220205_035000.wav;0.233207836
Itgo4T2_20220208_045000.wav;0.233212286
Itgo4T2_20220205_211000.wav;0.233212894
Itgo4T2_20220208_022000.wav;0.233222255
Itgo4T2_20220206_181000.wav;0.233225689
Itgo4T2_20220131_225000.wav;0.233225866
Itgo4T2_20220203_235000.wav;0.233247904
Itgo4T2_20220201_210000.wav;0.233259974
Itgo4T2_20220209_044000.wav;0.233265858
Itgo4T2_20220201_053000.wav;0.233276263
Itgo4T2_20220206_231000.wav;0.233288004
Itgo4T2_20220131_214000.wav;0.233291763
Itgo4T2_20220209_183000.wav;0.23330796
Itgo4T2_20220204_042000.wav;0.233308212
Itgo4T2_20220207_184000.wav;0.233322661
Itgo4T2_20220201_220000.wav;0.233328655
Itgo4T2_20220206_042000.wav;0.233330514
Itgo4T2_20220209_012000.wav;0.233341947
Itgo4T2_20220209_001000.wav;0.233365909
Itgo4T2_20220202_033000.wav;0.233373815
Itgo4T2_20220205_194000.wav;0.233376287
Itgo4T2_20220203_043000.wav;0.233381908
Itgo4T2_20220131_233000.wav;0.23338341
Itgo4T2_20220207_011000.wav;0.233392176
Itgo4T2_20220202_014000.wav;0.233397253
Itgo4T2_20220131_191000.wav;0.233404965
Itgo4T2_20220209_180000.wav;0.23341725
Itgo4T2_20220205_032000.wav;0.233426639
Itgo4T2_20220208_192000.wav;0.233450373
Itgo4T2_20220209_211000.wav;0.233453788
Itgo4T2_20220205_232000.wav;0.233455162
Itgo4T2_20220204_181000.wav;0.233485151
Itgo4T2_20220203_181000.wav;0.233496589
Itgo4T2_20220204_053000.wav;0.233498639
Itgo4T2_20220202_024000.wav;0.233514393
Itgo4T2_20220208_054000.wav;0.233534281
Itgo4T2_20220208_212000.wav;0.233556559
Itgo4T2_20220209_225000.wav;0.233557251
Itgo4T2_20220202_233000.wav;0.23359099
Itgo4T2_20220206_221000.wav;0.233613011
Itgo4T2_20220209_185000.wav;0.233639361
Itgo4T2_20220209_053000.wav;0.233641784
Itgo4T2_20220209_010000.wav;0.233646256
Itgo4T2_20220208_010000.wav;0.233656063
Itgo4T2_20220201_052000.wav;0.23365771
Itgo4T2_20220207_213000.wav;0.233674017
Itgo4T2_20220201_024000.wav;0.233685187
Itgo4T2_20220208_180000.wav;0.233708179
Itgo4T2_20220201_051000.wav;0.233714807
Itgo4T2_20220207_201000.wav;0.233716447
Itgo4T2_20220131_005000.wav;0.233721531
Itgo4T2_20220201_193000.wav;0.233727546
Itgo4T2_20220202_034000.wav;0.233737833
Itgo4T2_20220207_042000.wav;0.233738644
Itgo4T2_20220204_215000.wav;0.233758764
Itgo4T2_20220203_001000.wav;0.233769212
Itgo4T2_20220207_200000.wav;0.233777881
Itgo4T2_20220209_212000.wav;0.233787862
Itgo4T2_20220203_205000.wav;0.23379095
Itgo4T2_20220205_224000.wav;0.233799359
Itgo4T2_20220204_022000.wav;0.233828898
Itgo4T2_20220204_024000.wav;0.233829291
Itgo4T2_20220203_183000.wav;0.233830139
Itgo4T2_20220203_200000.wav;0.23383654
Itgo4T2_20220131_040000.wav;0.233894986
Itgo4T2_20220207_044000.wav;0.233914766
Itgo4T2_20220131_010000.wav;0.233921978
Itgo4T2_20220202_235000.wav;0.233924145
Itgo4T2_20220209_230000.wav;0.23393421
Itgo4T2_20220202_040000.wav;0.23394049
Itgo4T2_20220203_204000.wav;0.233940953
Itgo4T2_20220131_021000.wav;0.233943132
Itgo4T2_20220131_023000.wav;0.233958487
Itgo4T2_20220205_001000.wav;0.233969865
Itgo4T2_20220204_021000.wav;0.233972959
Itgo4T2_20220205_010000.wav;0.233983972
Itgo4T2_20220208_050000.wav;0.234005198
Itgo4T2_20220208_002000.wav;0.234031074
Itgo4T2_20220206_035000.wav;0.234053341
Itgo4T2_20220206_000000.wav;0.234063793
Itgo4T2_20220204_234000.wav;0.234066676
Itgo4T2_20220208_221000.wav;0.234082681
Itgo4T2_20220207_052000.wav;0.234131579
Itgo4T2_20220206_212000.wav;0.2341317
Itgo4T2_20220207_031000.wav;0.234149383
Itgo4T2_20220131_212000.wav;0.234160718
Itgo4T2_20220203_053000.wav;0.234161181
Itgo4T2_20220208_015000.wav;0.234169788
Itgo4T2_20220201_004000.wav;0.234173928
Itgo4T2_20220204_233000.wav;0.234174117
Itgo4T2_20220208_025000.wav;0.234181919
Itgo4T2_20220202_204000.wav;0.234186852
Itgo4T2_20220208_195000.wav;0.234211388
Itgo4T2_20220205_223000.wav;0.234214715
Itgo4T2_20220204_035000.wav;0.234224497
Itgo4T2_20220204_195000.wav;0.234231628
Itgo4T2_20220204_194000.wav;0.234243966
Itgo4T2_20220205_014000.wav;0.234246904
Itgo4T2_20220203_010000.wav;0.23425496
Itgo4T2_20220202_210000.wav;0.234261864
Itgo4T2_20220202_050000.wav;0.234277601
Itgo4T2_20220131_015000.wav;0.234279741
Itgo4T2_20220204_012000.wav;0.234319754
Itgo4T2_20220201_014000.wav;0.234335535
Itgo4T2_20220201_200000.wav;0.234340219
Itgo4T2_20220202_234000.wav;0.234345849
Itgo4T2_20220205_021000.wav;0.234346479
Itgo4T2_20220203_034000.wav;0.234347261
Itgo4T2_20220207_185000.wav;0.234347635
Itgo4T2_20220203_213000.wav;0.234368177
Itgo4T2_20220204_203000.wav;0.2343693
Itgo4T2_20220203_215000.wav;0.234377549
Itgo4T2_20220202_042000.wav;0.234386306
Itgo4T2_20220208_000000.wav;0.23438903
Itgo4T2_20220209_002000.wav;0.234415989
Itgo4T2_20220131_224000.wav;0.23442403
Itgo4T2_20220207_221000.wav;0.234429699
Itgo4T2_20220203_214000.wav;0.234446365
Itgo4T2_20220207_030000.wav;0.234453989
Itgo4T2_20220131_220000.wav;0.234456967
Itgo4T2_20220202_223000.wav;0.234468396
Itgo4T2_20220201_031000.wav;0.234474003
Itgo4T2_20220204_043000.wav;0.234491566
Itgo4T2_20220202_002000.wav;0.234491879
Itgo4T2_20220209_021000.wav;0.234492223
Itgo4T2_20220209_014000.wav;0.234492262
Itgo4T2_20220131_235000.wav;0.23449403
Itgo4T2_20220206_011000.wav;0.234498804
Itgo4T2_20220209_192000.wav;0.234514522
Itgo4T2_20220209_213000.wav;0.234542418
Itgo4T2_20220204_030000.wav;0.234554748
Itgo4T2_20220206_180000.wav;0.234555941
Itgo4T2_20220210_235100.wav;0.23455962
Itgo4T2_20220203_192000.wav;0.23458437
Itgo4T2_20220208_230000.wav;0.234617373
Itgo4T2_20220207_215000.wav;0.234618374
Itgo4T2_20220204_185000.wav;0.234624477
Itgo4T2_20220204_214000.wav;0.234637651
Itgo4T2_20220131_184000.wav;0.234643391
Itgo4T2_20220202_000000.wav;0.234663381
Itgo4T2_20220203_030000.wav;0.234678695
Itgo4T2_20220205_200000.wav;0.234697501
Itgo4T2_20220201_003000.wav;0.234731865
Itgo4T2_20220208_004000.wav;0.234733855
Itgo4T2_20220131_024000.wav;0.234741942
Itgo4T2_20220204_023000.wav;0.234762228
Itgo4T2_20220208_213000.wav;0.234764044
Itgo4T2_20220208_031000.wav;0.234764547
Itgo4T2_20220203_045000.wav;0.234767184
Itgo4T2_20220208_215000.wav;0.234770267
Itgo4T2_20220205_020000.wav;0.234783424
Itgo4T2_20220202_023000.wav;0.234784247
Itgo4T2_20220201_232000.wav;0.234792252
Itgo4T2_20220205_011000.wav;0.234803542
Itgo4T2_20220201_012000.wav;0.23480796
Itgo4T2_20220208_222000.wav;0.234844885
Itgo4T2_20220209_023000.wav;0.234848965
Itgo4T2_20220207_041000.wav;0.234851616
Itgo4T2_20220202_194000.wav;0.234855884
Itgo4T2_20220209_202000.wav;0.234865094
Itgo4T2_20220208_034000.wav;0.234892745
Itgo4T2_20220205_025000.wav;0.234898379
Itgo4T2_20220209_040000.wav;0.234902705
Itgo4T2_20220201_021000.wav;0.234918732
Itgo4T2_20220205_214000.wav;0.234954002
Itgo4T2_20220201_204000.wav;0.234972803
Itgo4T2_20220209_000000.wav;0.23498206
Itgo4T2_20220202_201000.wav;0.234982317
Itgo4T2_20220201_020000.wav;0.23499329
Itgo4T2_20220203_004000.wav;0.235002925
Itgo4T2_20220209_025000.wav;0.235030016
Itgo4T2_20220204_000000.wav;0.235041218
Itgo4T2_20220204_192000.wav;0.235080763
Itgo4T2_20220204_014000.wav;0.235084654
Itgo4T2_20220202_213000.wav;0.235085554
Itgo4T2_20220203_193000.wav;0.235100382
Itgo4T2_20220203_011000.wav;0.235105702
Itgo4T2_20220201_013000.wav;0.235120361
Itgo4T2_20220205_215000.wav;0.235134538
Itgo4T2_20220201_215000.wav;0.235146924
Itgo4T2_20220208_231000.wav;0.235151756
Itgo4T2_20220206_021000.wav;0.235153037
Itgo4T2_20220131_223000.wav;0.235160033
Itgo4T2_20220201_231000.wav;0.235171647
Itgo4T2_20220203_212000.wav;0.235172016
Itgo4T2_20220209_231000.wav;0.235202239
Itgo4T2_20220208_023000.wav;0.235214028
Itgo4T2_20220203_223000.wav;0.235230753
Itgo4T2_20220131_221000.wav;0.235235698
Itgo4T2_20220202_022000.wav;0.235243219
Itgo4T2_20220207_190000.wav;0.235253816
Itgo4T2_20220207_223000.wav;0.235256149
Itgo4T2_20220204_032000.wav;0.235257025
Itgo4T2_20220205_192000.wav;0.235308928
Itgo4T2_20220207_021000.wav;0.235309151
Itgo4T2_20220209_235000.wav;0.23534338
Itgo4T2_20220204_212000.wav;0.235355321
Itgo4T2_20220208_235000.wav;0.235364473
Itgo4T2_20220207_233000.wav;0.235366408
Itgo4T2_20220206_235000.wav;0.235386411
Itgo4T2_20220207_232000.wav;0.235396485
Itgo4T2_20220207_032000.wav;0.235399428
Itgo4T2_20220131_195000.wav;0.235415526
Itgo4T2_20220202_031000.wav;0.235429589
Itgo4T2_20220204_011000.wav;0.235481602
Itgo4T2_20220203_012000.wav;0.235504747
Itgo4T2_20220205_220000.wav;0.235526776
Itgo4T2_20220208_190000.wav;0.235532696
Itgo4T2_20220131_004000.wav;0.235562649
Itgo4T2_20220205_043000.wav;0.235579995
Itgo4T2_20220202_013000.wav;0.235653846
Itgo4T2_20220209_221000.wav;0.235665423
Itgo4T2_20220205_204000.wav;0.235667793
Itgo4T2_20220205_024000.wav;0.23567036
Itgo4T2_20220207_202000.wav;0.235693878
Itgo4T2_20220209_234000.wav;0.235700092
Itgo4T2_20220206_012000.wav;0.235715134
Itgo4T2_20220203_225000.wav;0.235718782
Itgo4T2_20220131_000000.wav;0.2357369
Itgo4T2_20220208_040000.wav;0.23577048
Itgo4T2_20220204_221000.wav;0.235770865
Itgo4T2_20220201_224000.wav;0.235776372
Itgo4T2_20220206_013000.wav;0.235778796
Itgo4T2_20220202_045000.wav;0.235785185
Itgo4T2_20220207_230000.wav;0.235801566
Itgo4T2_20220201_005000.wav;0.235819221
Itgo4T2_20220209_041000.wav;0.235825669
Itgo4T2_20220205_022000.wav;0.235831989
Itgo4T2_20220209_195000.wav;0.235839925
Itgo4T2_20220206_220000.wav;0.235845396
Itgo4T2_20220204_210000.wav;0.235848971
Itgo4T2_20220209_020000.wav;0.235859042
Itgo4T2_20220207_234000.wav;0.235864292
Itgo4T2_20220208_011000.wav;0.235892389
Itgo4T2_20220209_215000.wav;0.235928688
Itgo4T2_20220201_192000.wav;0.235937338
Itgo4T2_20220202_020000.wav;0.23594494
Itgo4T2_20220204_231000.wav;0.235968023
Itgo4T2_20220203_014000.wav;0.235972516
Itgo4T2_20220208_214000.wav;0.235973406
Itgo4T2_20220204_191000.wav;0.235977522
Itgo4T2_20220203_224000.wav;0.236008313
Itgo4T2_20220201_190000.wav;0.236029544
Itgo4T2_20220205_212000.wav;0.23603362
Itgo4T2_20220208_232000.wav;0.236121191
Itgo4T2_20220205_012000.wav;0.236133878
Itgo4T2_20220209_190000.wav;0.23613598
Itgo4T2_20220204_230000.wav;0.236137211
Itgo4T2_20220204_002000.wav;0.236142657
Itgo4T2_20220209_232000.wav;0.236165353
Itgo4T2_20220201_202000.wav;0.236212806
Itgo4T2_20220204_200000.wav;0.236240882
Itgo4T2_20220131_190000.wav;0.236254757
Itgo4T2_20220204_235000.wav;0.236286883
Itgo4T2_20220202_214000.wav;0.236288564
Itgo4T2_20220205_015000.wav;0.23628895
Itgo4T2_20220208_191000.wav;0.236310638
Itgo4T2_20220206_184000.wav;0.236361258
Itgo4T2_20220204_041000.wav;0.236402409
Itgo4T2_20220131_231000.wav;0.236422926
Itgo4T2_20220131_232000.wav;0.236478738
Itgo4T2_20220203_211000.wav;0.236484046
Itgo4T2_20220208_225000.wav;0.236509222
Itgo4T2_20220203_055000.wav;0.236526967
Itgo4T2_20220131_210000.wav;0.23653839
Itgo4T2_20220202_035000.wav;0.236540305
Itgo4T2_20220209_011000.wav;0.236545982
Itgo4T2_20220205_233000.wav;0.236573248
Itgo4T2_20220202_001000.wav;0.23659172
Itgo4T2_20220209_210000.wav;0.236657164
Itgo4T2_20220207_205000.wav;0.23666413
Itgo4T2_20220207_020000.wav;0.236673658
Itgo4T2_20220208_220000.wav;0.236696762
Itgo4T2_20220202_043000.wav;0.236708012
Itgo4T2_20220206_195000.wav;0.236956322
Itgo4T2_20220208_211000.wav;0.236990451
Itgo4T2_20220201_191000.wav;0.237005733
Itgo4T2_20220205_013000.wav;0.237007022
Itgo4T2_20220201_205000.wav;0.237051738
Itgo4T2_20220202_212000.wav;0.237069057
Itgo4T2_20220207_210000.wav;0.237105565
Itgo4T2_20220205_005000.wav;0.23710734
Itgo4T2_20220202_222000.wav;0.237111562
Itgo4T2_20220205_023000.wav;0.237112602
Itgo4T2_20220203_013000.wav;0.237115818
Itgo4T2_20220207_220000.wav;0.237140575
Itgo4T2_20220205_030000.wav;0.237184235
Itgo4T2_20220203_203000.wav;0.237226246
Itgo4T2_20220203_031000.wav;0.237226376
Itgo4T2_20220209_222000.wav;0.237268789
Itgo4T2_20220206_224000.wav;0.237271448
Itgo4T2_20220203_234000.wav;0.237299576
Itgo4T2_20220206_022000.wav;0.237333329
Itgo4T2_20220207_203000.wav;0.237338228
Itgo4T2_20220202_211000.wav;0.237343687
Itgo4T2_20220203_002000.wav;0.237453212
Itgo4T2_20220206_020000.wav;0.237478899
Itgo4T2_20220201_011000.wav;0.237497878
Itgo4T2_20220207_010000.wav;0.237512908
Itgo4T2_20220131_222000.wav;0.237518535
Itgo4T2_20220131_032000.wav;0.237541718
Itgo4T2_20220203_052000.wav;0.237570308
Itgo4T2_20220201_233000.wav;0.237589298
Itgo4T2_20220209_204000.wav;0.237605979
Itgo4T2_20220201_221000.wav;0.237616124
Itgo4T2_20220131_201000.wav;0.237662457
Itgo4T2_20220202_181000.wav;0.237668321
Itgo4T2_20220205_034000.wav;0.237691727
Itgo4T2_20220203_003000.wav;0.237765423
Itgo4T2_20220201_235000.wav;0.237797206
Itgo4T2_20220208_051000.wav;0.237832871
Itgo4T2_20220211_235100.wav;0.237890163
Itgo4T2_20220205_003000.wav;0.23801367
Itgo4T2_20220131_012000.wav;0.238055695
Itgo4T2_20220207_224000.wav;0.238180748
Itgo4T2_20220201_214000.wav;0.238206017
Itgo4T2_20220206_024000.wav;0.238366082
Itgo4T2_20220206_014000.wav;0.238436243
Itgo4T2_20220206_033000.wav;0.238463613
Itgo4T2_20220207_015000.wav;0.238565664
Itgo4T2_20220209_214000.wav;0.238631432
Itgo4T2_20220206_200000.wav;0.238683611
Itgo4T2_20220204_031000.wav;0.238883382
Itgo4T2_20220204_193000.wav;0.238893054
Itgo4T2_20220205_190000.wav;0.239062286
Itgo4T2_20220202_195000.wav;0.239431407
Itgo4T2_20220131_234000.wav;0.239536496
Itgo4T2_20220208_201000.wav;0.23955745
Itgo4T2_20220203_230000.wav;0.239705083
Itgo4T2_20220131_194000.wav;0.239858002
Itgo4T2_20220209_191000.wav;0.239972049
Itgo4T2_20220207_191000.wav;0.240762642
Itgo4T2_20220205_050000.wav;0.241482722
Itgo4T2_20220207_040000.wav;0.242342232
Itgo4T2_20220205_222000.wav;0.243475268
Itgo4T2_20220206_215000.wav;0.244568622
Itgo4T2_20220203_022000.wav;0.245188626
Itgo4T2_20220209_201000.wav;0.24570801
Itgo4T2_20220204_055000.wav;0.247983397
Itgo4T2_20220209_024000.wav;0.248071813
Itgo4T2_20220202_203000.wav;0.249063504
Itgo4T2_20220204_201000.wav;0.249699697
Itgo4T2_20220205_184000.wav;0.25018889
Itgo4T2_20220205_210000.wav;0.252457314
Itgo4T2_20220206_201000.wav;0.254116417
Itgo4T2_20220201_180000.wav;0.255282869
Itgo4T2_20220207_231000.wav;0.255516649
Itgo4T2_20220207_183000.wav;0.255984294
Itgo4T2_20220131_192000.wav;0.256411016
Itgo4T2_20220210_235100.wav;0.258855445
Itgo4T2_20220202_183000.wav;0.259786216
Itgo4T2_20220203_184000.wav;0.262161236
Itgo4T2_20220208_193000.wav;0.264011756
Itgo4T2_20220204_183000.wav;0.26459844
Itgo4T2_20220206_010000.wav;0.272439963
Itgo4T2_20220205_203000.wav;0.274926524
Itgo4T2_20220203_194000.wav;0.275145308
Itgo4T2_20220203_220000.wav;0.276010554
Itgo4T2_20220211_235100.wav;0.276362942
Itgo4T2_20220204_204000.wav;0.277725105
Itgo4T2_20220204_222000.wav;0.278205542
Itgo4T2_20220204_190000.wav;0.278820395
Itgo4T2_20220202_232000.wav;0.283117901
Itgo4T2_20220202_055000.wav;0.284017711
Itgo4T2_20220201_234000.wav;0.285167369
Itgo4T2_20220131_205000.wav;0.285204665
Itgo4T2_20220204_184000.wav;0.288990344
Itgo4T2_20220202_184000.wav;0.289339488
Itgo4T2_20220202_192000.wav;0.290184996
Itgo4T2_20220131_045000.wav;0.290942627
Itgo4T2_20220201_184000.wav;0.293724715
Itgo4T2_20220203_222000.wav;0.297693844
Itgo4T2_20220204_223000.wav;0.297826964
Itgo4T2_20220208_182000.wav;0.301782662
Itgo4T2_20220201_195000.wav;0.310235097
Itgo4T2_20220205_000000.wav;0.310682414
Itgo4T2_20220206_183000.wav;0.330023447
